id,fullname,email,country,birthdate
1,Teresa Green,qgraves@hotmail.com,Western Sahara,1980-03-12
2,Suzanne Moreno,thomashill@eaton.com,Bangladesh,1997-09-17
3,Felicia Williams,obates@schmidt.com,French Guiana,1991-09-24
4,Crystal Long,ybailey@yahoo.com,Western Sahara,1985-01-10
5,Amanda Moore,ejames@hunt.net,Rwanda,1981-03-13
6,Mrs. Denise Smith,wrightvanessa@gmail.com,Sao Tome and Principe,1946-04-08
7,Mary Vang,rachel91@garrison.biz,Morocco,1944-09-26
8,Mrs. Lisa Liu MD,ztaylor@gibson.com,Ukraine,1981-11-29
9,Amber Fuentes,medinajessica@roberts-martin.com,Jersey,1990-06-20
10,Jessica Hunt,pattersonjohn@reid.com,Tanzania,1955-12-05
11,James Horton,zacharytate@yahoo.com,France,1960-06-24
12,Michelle Franco,elizabeth52@rodriguez.net,Djibouti,1991-11-18
13,Sheila Sutton,michaelfry@gmail.com,Saint Martin,1980-12-02
14,Alice Alexander,amiller@conner.org,Gibraltar,1975-07-30
15,Nathaniel Smith,curtispatty@yahoo.com,Reunion,1949-01-02
16,Christina Silva,rothdavid@spencer-rodriguez.com,Botswana,1999-05-27
17,Megan Patel,natalievargas@hotmail.com,Costa Rica,1984-11-29
18,Heather Moore,riggsmarco@yahoo.com,Turks and Caicos Islands,1967-02-09
19,Laura Cardenas,david04@bryant.net,Timor-Leste,1952-02-11
20,Amanda Harper,warrendonald@hotmail.com,Greece,2006-05-17
21,Donna Hickman,taylormatthew@gmail.com,Bulgaria,1950-06-06
22,Stephanie Johnson,gstewart@hotmail.com,Jordan,1998-10-08
23,Stephanie Morgan,xhale@hotmail.com,Taiwan,1949-10-07
24,Yvette Patrick,andrew24@hotmail.com,Uzbekistan,1945-12-07
25,Susan Cohen,qyoung@graves.com,Faroe Islands,1975-11-07
26,Cheryl Sullivan,timothyanderson@thompson.biz,Mauritius,1970-01-30
27,Bonnie Mccoy,joseph41@gmail.com,Ukraine,1952-05-25
28,Angel Bullock,hansennathaniel@riley.org,Australia,1959-08-30
29,Michael Schultz,solomonchristopher@garcia-larson.biz,Tonga,1969-08-21
30,Lori Wells,tonyafields@gmail.com,Kuwait,1962-02-13
31,David Vasquez,evansthomas@yahoo.com,Kiribati,1977-10-16
32,Steven Morgan,sheltonsteven@alvarez.com,Switzerland,1994-08-25
33,Natasha Ferguson,lisasmith@palmer.com,Gibraltar,1987-07-18
34,Adrienne Evans,montoyakelsey@wood.com,Guyana,1963-11-11
35,Louis Lynch,lovejacqueline@schwartz.com,Italy,1957-09-09
36,Eric Anderson,novakmichael@jackson-huerta.com,Liberia,1958-12-22
37,Sarah Thomas,angela32@gmail.com,Swaziland,1973-03-20
38,Ryan Patton,fosterpaula@yahoo.com,Bosnia and Herzegovina,1996-05-26
39,Daniel Morales,ymorris@haas-kim.com,Martinique,1993-10-08
40,Angela White,qandrade@yahoo.com,United States of America,1958-07-11
41,Danielle Pope,zdavis@hotmail.com,Israel,2002-03-13
42,David Newton,nicole80@hughes-bond.biz,Pakistan,1953-10-07
43,Cody Tran,jonathantorres@gmail.com,Bahrain,1971-06-10
44,Sonya Moreno,michael62@yahoo.com,Gambia,1991-10-19
45,Julia Johnson,steventaylor@hotmail.com,Andorra,1972-03-26
46,David Bolton,dominic15@yahoo.com,Liberia,1990-02-23
47,Mrs. Madison Sheppard,petersonbrian@parker-padilla.com,Haiti,1993-05-31
48,Ricky Adkins,ymiller@morgan.biz,Nigeria,1961-10-22
49,Jessica Hill,hector58@yahoo.com,Ecuador,1955-01-30
50,Morgan Gonzalez,reginald96@potts.net,American Samoa,1944-09-20
51,Tomas Pinolini,tomas,111,2003-01-01
